<?xml version="1.0"?>
<!--<!DOCTYPE metadata SYSTEM "http://www.esri.com/metadata/esriprof80.dtd">-->
<metadata xml:lang="zh"><Esri><CreaDate>20200719</CreaDate><CreaTime>20595500</CreaTime><SyncOnce>TRUE</SyncOnce><ArcGISFormat>1.0</ArcGISFormat><DataProperties><itemProps><itemLocation><linkage Sync="TRUE">file://\\CNU\I\北京地区矢量数据\北京行政区划</linkage><protocol Sync="TRUE">Local Area Network</protocol></itemLocation></itemProps><copyHistory><copy source="D:\4月29号备份\岩溶水项目\shapfile\北京行政区划" dest="\\CNU\I\北京地区矢量数据\北京行政区划" date="20160114" time="12345500"></copy></copyHistory><lineage><Process ToolSource="c:\program files (x86)\arcgis\desktop10.6\ArcToolbox\Toolboxes\Data Management Tools.tbx\DefineProjection" Date="20200905" Time="145930">DefineProjection Beijing_area PROJCS['WGS_1984_UTM_Zone_50N',GEOGCS['GCS_WGS_1984',DATUM['D_WGS_1984',SPHEROID['WGS_1984',6378137.0,298.257223563]],PRIMEM['Greenwich',0.0],UNIT['Degree',0.0174532925199433]],PROJECTION['Transverse_Mercator'],PARAMETER['False_Easting',500000.0],PARAMETER['False_Northing',0.0],PARAMETER['Central_Meridian',117.0],PARAMETER['Scale_Factor',0.9996],PARAMETER['Latitude_Of_Origin',0.0],UNIT['Meter',1.0]]</Process></lineage></DataProperties></Esri><idinfo><citation><citeinfo><onlink Sync="TRUE">\\CNUGIS\F\岩溶水项目\shapfile\北京行政区划</onlink></citeinfo></citation></idinfo><distInfo><distributor><distorTran><onLineSrc><linkage Sync="TRUE">file://\\CNUGIS\F\岩溶水项目\shapfile\北京行政区划</linkage><protocol Sync="TRUE">Local Area Network</protocol></onLineSrc></distorTran></distributor></distInfo><dataqual><lineage><procstep><procdesc Sync="TRUE">Dataset copied.</procdesc><srcused Sync="TRUE">F:\沈阳金建\地研所项目文档\历史空间矢量数据Features_HPNSL\基础地理图层\北京行政区划</srcused><procdate Sync="TRUE">20120323</procdate><proctime Sync="TRUE">16045300</proctime></procstep></lineage></dataqual></metadata>
