<?xml version="1.0" encoding="UTF-8"?>
<metadata modelVersion="1.1.0">
  <groupId>org.geotools</groupId>
  <artifactId>gt-render</artifactId>
  <version>24-SNAPSHOT</version>
  <versioning>
    <snapshot>
      <localCopy>true</localCopy>
    </snapshot>
    <lastUpdated>20201015074410</lastUpdated>
    <snapshotVersions>
      <snapshotVersion>
        <classifier>sources</classifier>
        <extension>jar</extension>
        <value>24-SNAPSHOT</value>
        <updated>20201015074410</updated>
      </snapshotVersion>
      <snapshotVersion>
        <extension>jar</extension>
        <value>24-SNAPSHOT</value>
        <updated>20201015074410</updated>
      </snapshotVersion>
      <snapshotVersion>
        <extension>pom</extension>
        <value>24-SNAPSHOT</value>
        <updated>20201015074410</updated>
      </snapshotVersion>
    </snapshotVersions>
  </versioning>
</metadata>
